Proj_Milestone_ID,Project_Code,Project_Name,Project_ID,Status_Date,Milestone_Phase,Planned_Date,Target_Date,Completion_Percentage,Status,RAG_Status,Actual_Start_Date,Actual_End_Date,Delayed,Escalation,Updated_RAG_Status_After_Delay,Amber_To_Red_Status,Green_to_Amber_Status,Pred_Prob_for_Amber_to_Red_of_milestones,Pred_Prob_for_Green_to_Amber_of_milestones,Completed_Miltestones,In_Progress_Milestones,Not_Started_Milestones,Predicted_Percentage_of_Project_turns_Amber_to_Red_for_Project,Predicted_Probability_of_Project_turns_of_Green_to_Amber
1,PRJ3882,CORP - WEC Returns Automation For Home Depot,1,01-06-2023 00:00,Select Phase Start,"Monday, March 07, 2022","Monday, March 07, 2022",100,Completed,4,"Monday, March 07, 2022","Tuesday, March 15, 2022",8,Yes,4,0,0,0.014163588,0.006854209,7,3,3,8.45%,15.71%
2,PRJ3883,CORP - WEC Returns Automation For Home Depot,1,01-06-2023 00:00,Select Phase EndÂ ,"Friday, April 01, 2022","Friday, April 01, 2022",100,Completed,4,"Friday, April 01, 2022","Sunday, April 10, 2022",9,Yes,4,0,0,0.003470646,0.006854209,7,3,3,8.45%,15.71%
3,PRJ3884,CORP - WEC Returns Automation For Home Depot,1,01-06-2023 00:00,Plan Phase StartÂ ,"Monday, April 04, 2022","Monday, April 04, 2022",100,Completed,4,"Monday, April 04, 2022","Monday, April 04, 2022",0,,4,0,0,0.003470646,0.006854209,7,3,3,8.45%,15.71%
4,PRJ3885,CORP - WEC Returns Automation For Home Depot,1,01-06-2023 00:00,Plan Phase EndÂ ,"Friday, May 20, 2022","Friday, May 20, 2022",77,In Progress,3,"Friday, May 20, 2022","Wednesday, May 25, 2022",5,,2,0,1,0.01362197,0.965539038,7,3,3,8.45%,15.71%
5,PRJ3886,CORP - WEC Returns Automation For Home Depot,1,01-06-2023 00:00,Design Phase Start,"Monday, May 23, 2022","Monday, May 23, 2022",100,Completed,4,"Monday, May 23, 2022","Wednesday, May 25, 2022",2,,4,0,0,0.003470646,0.006854209,7,3,3,8.45%,15.71%
6,PRJ3887,CORP - WEC Returns Automation For Home Depot,1,01-06-2023 00:00,Design Phase EndÂ ,"Friday, June 10, 2022","Friday, June 10, 2022",100,Completed,4,"Friday, June 10, 2022","Monday, June 13, 2022",3,,4,0,0,0.003470646,0.006854209,7,3,3,8.45%,15.71%
7,PRJ3888,CORP - WEC Returns Automation For Home Depot,1,01-06-2023 00:00,Build Phase Start,"Monday, June 06, 2022","Monday, June 06, 2022",100,Completed,4,"Monday, June 06, 2022","Thursday, June 16, 2022",10,Yes,4,0,0,0.003470646,0.006854209,7,3,3,8.45%,15.71%
8,PRJ3889,CORP - WEC Returns Automation For Home Depot,1,01-06-2023 00:00,Build Phase EndÂ ,"Friday, July 01, 2022","Friday, July 01, 2022",100,Completed,4,"Friday, July 01, 2022","Saturday, July 02, 2022",1,,4,0,0,0.004229326,0.006854209,7,3,3,8.45%,15.71%
9,PRJ3890,CORP - WEC Returns Automation For Home Depot,1,01-06-2023 00:00,Stabilize Start,"Monday, July 04, 2022","Wednesday, July 06, 2022",97,In Progress,3,"Monday, July 04, 2022","Saturday, July 09, 2022",3,,2,0,1,0.016562836,0.965539038,7,3,3,8.45%,15.71%
10,PRJ3891,CORP - WEC Returns Automation For Home Depot,1,01-06-2023 00:00,Stabilize End,"Friday, June 09, 2023","Friday, June 09, 2023",60,In Progress,2,"Friday, June 09, 2023","Friday, June 16, 2023",7,Yes,1,1,0,0.950330615,0.006854209,7,3,3,8.45%,15.71%
11,PRJ3892,CORP - WEC Returns Automation For Home Depot,1,01-06-2023 00:00,Deploy StartÂ ,"Monday, June 12, 2023","Monday, June 12, 2023",0,Not Started,3,"Monday, June 12, 2023",Unknown,Unknown,,1,0,0,0.025925709,0.018847968,7,3,3,8.45%,15.71%
12,PRJ3893,CORP - WEC Returns Automation For Home Depot,1,01-06-2023 00:00,Deploy Start â€“ Go-LiveÂ ,"Sunday, June 18, 2023","Sunday, June 18, 2023",0,Not Started,3,"Sunday, June 18, 2023",Unknown,Unknown,,1,0,0,0.025925709,0.018847968,7,3,3,8.45%,15.71%
13,PRJ3894,CORP - WEC Returns Automation For Home Depot,1,01-06-2023 00:00,Deploy End,"Friday, July 14, 2023","Friday, July 14, 2023",0,Not Started,3,"Friday, July 14, 2023",Unknown,Unknown,,1,0,0,0.031438194,0.018847968,7,3,3,8.45%,15.71%
14,PRJ3611,GTS- NA Millcreek WMS Conversion Legacy to JDA,2,01-06-2023 00:00,Design Phase Start,"Monday, June 06, 2022","Monday, June 06, 2022",100,Completed,4,"Monday, June 06, 2022","Thursday, June 16, 2022",10,Yes,4,0,0,0.003470646,0.006854209,9,4,0,7.88%,22.80%
15,PRJ3612,GTS- NA Millcreek WMS Conversion Legacy to JDA,2,01-06-2023 00:00,Design Phase End,"Friday, July 15, 2022","Friday, July 15, 2022",100,Completed,4,"Friday, July 15, 2022","Tuesday, July 19, 2022",4,,4,0,0,0.004229326,0.006854209,9,4,0,7.88%,22.80%
16,PRJ3613,GTS- NA Millcreek WMS Conversion Legacy to JDA,2,01-06-2023 00:00,Build Phase Start,"Monday, July 18, 2022","Monday, July 18, 2022",90,In Progress,3,"Monday, July 18, 2022","Friday, July 22, 2022",4,,2,0,1,0.016562836,0.965539038,9,4,0,7.88%,22.80%
17,PRJ3614,GTS- NA Millcreek WMS Conversion Legacy to JDA,2,01-06-2023 00:00,Build Phase End,"Friday, September 30, 2022","Friday, September 30, 2022",100,Completed,4,"Friday, September 30, 2022","Sunday, October 09, 2022",9,Yes,4,0,0,0.003470646,0.006854209,9,4,0,7.88%,22.80%
18,PRJ3615,GTS- NA Millcreek WMS Conversion Legacy to JDA,2,01-06-2023 00:00,Stabilize Phase Start,"Monday, October 03, 2022","Monday, October 03, 2022",100,Completed,4,"Monday, October 03, 2022","Saturday, October 08, 2022",5,,4,0,0,0.003470646,0.006854209,9,4,0,7.88%,22.80%
19,PRJ3616,GTS- NA Millcreek WMS Conversion Legacy to JDA,2,01-06-2023 00:00,Stabilize Phase End,"Friday, May 12, 2023","Monday, May 15, 2023",100,Completed,4,"Friday, May 12, 2023","Saturday, May 13, 2023",-2,,4,0,0,0.003380228,0.006854209,9,4,0,7.88%,22.80%
20,PRJ3617,GTS- NA Millcreek WMS Conversion Legacy to JDA,2,01-06-2023 00:00,System Integration Testing-Start,"Monday, October 03, 2022","Monday, October 03, 2022",80,In Progress,3,"Monday, October 03, 2022","Thursday, October 06, 2022",3,,2,0,1,0.01362197,0.965539038,9,4,0,7.88%,22.80%
21,PRJ3618,GTS- NA Millcreek WMS Conversion Legacy to JDA,2,01-06-2023 00:00,System Integration Testing-End,"Friday, March 17, 2023","Friday, March 17, 2023",100,Completed,4,"Friday, March 17, 2023","Saturday, March 25, 2023",8,Yes,4,0,0,0.003380228,0.006854209,9,4,0,7.88%,22.80%
22,PRJ3619,GTS- NA Millcreek WMS Conversion Legacy to JDA,2,01-06-2023 00:00,Deploy Phase Start,"Monday, May 15, 2023","Monday, May 15, 2023",100,Completed,4,"Monday, May 15, 2023","Thursday, May 25, 2023",10,Yes,4,0,0,0.003380228,0.006854209,9,4,0,7.88%,22.80%
23,PRJ3620,GTS- NA Millcreek WMS Conversion Legacy to JDA,2,01-06-2023 00:00,Deploy Phase End,"Friday, June 09, 2023","Friday, June 09, 2023",100,Completed,4,"Friday, June 09, 2023","Sunday, June 11, 2023",2,,4,0,0,0.003380228,0.006854209,9,4,0,7.88%,22.80%
24,PRJ3621,GTS- NA Millcreek WMS Conversion Legacy to JDA,2,01-06-2023 00:00,Business Go Live,"Monday, May 22, 2023","Monday, May 22, 2023",100,Completed,4,"Monday, May 22, 2023","Tuesday, May 23, 2023",1,,4,0,0,0.003380228,0.006854209,9,4,0,7.88%,22.80%
25,PRJ3622,GTS- NA Millcreek WMS Conversion Legacy to JDA,2,01-06-2023 00:00,Hypercare Starts,"Monday, May 22, 2023","Monday, May 22, 2023",87,In Progress,3,"Monday, May 22, 2023","Saturday, May 27, 2023",5,,2,0,1,0.013270609,0.965539038,9,4,0,7.88%,22.80%
26,PRJ3623,GTS- NA Millcreek WMS Conversion Legacy to JDA,2,01-06-2023 00:00,Hypercare Ends,"Friday, June 09, 2023","Friday, June 09, 2023",66,In Progress,2,"Friday, June 09, 2023","Saturday, June 17, 2023",8,Yes,1,1,0,0.950330615,0.006854209,9,4,0,7.88%,22.80%
27,PRJ4028,Sphinx – Security Divestiture – Project Sphinx – Sub Project Create SAP Contract (RMR) from SES SFDC,11,01-06-2023 00:00,Design Entry,"Monday, January 09, 2023","Monday, January 09, 2023",100,Completed,4,"Monday, January 09, 2023","Thursday, January 12, 2023",3,,4,0,0,0.003380228,0.006854209,,,,21.30%,20.33%
28,PRJ4029,Sphinx – Security Divestiture – Project Sphinx – Sub Project Create SAP Contract (RMR) from SES SFDC,11,01-06-2023 00:00,Design Exit,"Friday, January 27, 2023","Wednesday, February 08, 2023",100,Completed,4,"Sunday, February 05, 2023","Monday, February 06, 2023",-2,,4,0,0,0.003380228,0.006854209,,,,21.30%,20.33%
29,PRJ4030,Sphinx – Security Divestiture – Project Sphinx – Sub Project Create SAP Contract (RMR) from SES SFDC,11,01-06-2023 00:00,Build Entry,"Monday, January 30, 2023","Thursday, February 09, 2023",88,In Progress,3,"Thursday, February 09, 2023","Wednesday, February 15, 2023",6,Yes,2,0,1,0.013270609,0.965539038,,,,21.30%,20.33%
30,PRJ4031,Sphinx – Security Divestiture – Project Sphinx – Sub Project Create SAP Contract (RMR) from SES SFDC,11,01-06-2023 00:00,Build Exit,"Friday, February 17, 2023","Wednesday, February 22, 2023",100,Completed,4,"Wednesday, February 22, 2023","Tuesday, February 28, 2023",6,Yes,4,0,0,0.003380228,0.006854209,,,,21.30%,20.33%
31,PRJ4032,Sphinx – Security Divestiture – Project Sphinx – Sub Project Create SAP Contract (RMR) from SES SFDC,11,01-06-2023 00:00,SIT Entry,"Monday, February 20, 2023","Monday, March 20, 2023",100,Completed,4,"Saturday, February 25, 2023","Thursday, March 16, 2023",-4,,4,0,0,0.003380228,0.006854209,,,,21.30%,20.33%
32,PRJ4033,Sphinx – Security Divestiture – Project Sphinx – Sub Project Create SAP Contract (RMR) from SES SFDC,11,01-06-2023 00:00,SIT Exit,"Friday, March 03, 2023","Friday, April 14, 2023",100,Completed,4,"Friday, April 14, 2023","Monday, April 17, 2023",3,,4,0,0,0.003380228,0.006854209,,,,21.30%,20.33%
33,PRJ4034,Sphinx – Security Divestiture – Project Sphinx – Sub Project Create SAP Contract (RMR) from SES SFDC,11,01-06-2023 00:00,UAT Entry,"Monday, March 06, 2023","Monday, April 17, 2023",100,Completed,4,"Friday, April 14, 2023","Monday, April 17, 2023",0,,4,0,0,0.003380228,0.006854209,2,4,4,21.30%,20.33%
34,PRJ4035,Sphinx – Security Divestiture – Project Sphinx – Sub Project Create SAP Contract (RMR) from SES SFDC,11,01-06-2023 00:00,UAT Exit,"Friday, March 17, 2023","Friday, May 19, 2023",78,In Progress,3,"Friday, May 19, 2023","Wednesday, May 24, 2023",5,,2,0,1,0.013270609,0.965539038,,,,21.30%,20.33%
35,PRJ4036,Sphinx – Security Divestiture – Project Sphinx – Sub Project Create SAP Contract (RMR) from SES SFDC,11,01-06-2023 00:00,Deploy Entry,"Monday, March 20, 2023","Monday, May 22, 2023",0,Not Started,1,"Monday, May 22, 2023",Unknown,Unknown,,1,0,0,0.025925709,0.006854209,,,,21.30%,20.33%
36,PRJ4037,Sphinx – Security Divestiture – Project Sphinx – Sub Project Create SAP Contract (RMR) from SES SFDC,11,01-06-2023 00:00,Deploy Exit,"Friday, March 24, 2023","Saturday, May 27, 2023",0,Not Started,1,"Saturday, May 27, 2023",Unknown,Unknown,,1,0,0,0.025925709,0.006854209,,,,21.30%,20.33%
37,PRJ4038,Sphinx – Security Divestiture – Project Sphinx – Sub Project Create SAP Contract (RMR) from SES SFDC,11,01-06-2023 00:00,Business Go Live,"Sunday, March 27, 2022","Sunday, May 29, 2022",0,Not Started,1,"Sunday, May 29, 2022",Unknown,Unknown,,1,0,0,0.025925709,0.006854209,,,,21.30%,20.33%
38,PRJ4039,Sphinx – Security Divestiture – Project Sphinx – Sub Project Create SAP Contract (RMR) from SES SFDC,11,01-06-2023 00:00,Hypercare Entry,"Monday, March 27, 2023","Monday, May 29, 2023",0,Not Started,1,"Monday, May 29, 2023",Unknown,Unknown,,1,0,0,0.025925709,0.006854209,,,,21.30%,20.33%
39,PRJ4040,Sphinx – Security Divestiture – Project Sphinx – Sub Project Create SAP Contract (RMR) from SES SFDC,11,01-06-2023 00:00,Hypercare Exit,"Friday, April 07, 2023","Friday, June 09, 2023",0,Not Started,1,"Friday, June 09, 2023",Unknown,Unknown,,1,0,0,0.025925709,0.006854209,,,,21.30%,20.33%
40,PRJ4182 ,2023 - EA - Tech Debt Management Optimization,12,01-06-2023 00:00,Select Phase Start,"Monday, April 03, 2023","Monday, April 03, 2023",100,Completed,4,"Monday, April 03, 2023","Monday, April 03, 2023",0,,4,0,0,0.003380228,0.006854209,,,,19.57%,19.85%
41,PRJ4183,2024 - EA - Tech Debt Management Optimization,12,01-06-2023 00:00,Select Phase EndÂ ,"Friday, April 21, 2023","Friday, April 21, 2023",100,Completed,4,"Friday, April 21, 2023","Saturday, April 29, 2023",8,Yes,4,0,0,0.003380228,0.006854209,,,,19.57%,19.85%
42,PRJ4184,2025 - EA - Tech Debt Management Optimization,12,01-06-2023 00:00,Plan Phase StartÂ ,"Monday, April 24, 2023","Thursday, April 27, 2023",100,Completed,4,"Monday, April 24, 2023","Wednesday, April 26, 2023",-1,,4,0,0,0.003380228,0.006854209,,,,19.57%,19.85%
43,PRJ4185,2026 - EA - Tech Debt Management Optimization,12,01-06-2023 00:00,Plan Phase EndÂ ,"Friday, June 16, 2023","Friday, June 16, 2023",60,In Progress,2,"Friday, June 16, 2023","Friday, June 23, 2023",7,Yes,1,1,0,0.950330615,0.006854209,,,,19.57%,19.85%
44,PRJ4186,2027 - EA - Tech Debt Management Optimization,12,01-06-2023 00:00,Design Phase Start,"Monday, July 17, 2023","Monday, July 17, 2023",89,In Progress,3,"Monday, July 17, 2023",22-07-203,5,,2,0,1,0.016562836,0.965539038,,,,19.57%,19.85%
45,PRJ4187,2028 - EA - Tech Debt Management Optimization,12,01-06-2023 00:00,Design Phase EndÂ ,"Monday, July 24, 2023","Monday, July 24, 2023",0,Not Started,1,"Monday, July 24, 2023",Unknown,Unknown,,1,0,0,0.031438194,0.006854209,,,,19.57%,19.85%
46,PRJ4188,2029 - EA - Tech Debt Management Optimization,12,01-06-2023 00:00,Build Phase Start,"Friday, July 28, 2023","Friday, July 28, 2023",95,In Progress,3,"Friday, July 28, 2023","Sunday, June 04, 2023",7,Yes,2,0,1,0.01613686,0.965539038,6,4,0,19.57%,19.85%
47,PRJ4189,2030 - EA - Tech Debt Management Optimization,12,01-06-2023 00:00,Build Phase EndÂ ,"Saturday, July 29, 2023","Saturday, July 29, 2023",0,Not Started,1,"Saturday, July 29, 2023",Unknown,Unknown,,1,0,0,0.031438194,0.006854209,,,,19.57%,19.85%
48,PRJ4190,2031 - EA - Tech Debt Management Optimization,12,01-06-2023 00:00,Stabilize Start,"Wednesday, August 02, 2023","Wednesday, August 02, 2023",0,Not Started,1,"Wednesday, August 02, 2023",Unknown,Unknown,,1,0,0,0.025925709,0.006854209,,,,19.57%,19.85%
49,PRJ4191,2032 - EA - Tech Debt Management Optimization,12,01-06-2023 00:00,Stabilize End,"Friday, August 04, 2023","Friday, August 04, 2023",90,In Progress,3,"Friday, August 04, 2023","Wednesday, August 09, 2023",5,,2,0,1,0.013270609,0.965539038,,,,19.57%,19.85%
50,PRJ4192,2033 - EA - Tech Debt Management Optimization,12,01-06-2023 00:00,Deploy StartÂ ,"Sunday, August 06, 2023","Sunday, August 06, 2023",0,Not Started,1,"Sunday, August 06, 2023",Unknown,Unknown,,1,0,0,0.025925709,0.006854209,,,,19.57%,19.85%
51,PRJ4193,2034 - EA - Tech Debt Management Optimization,12,01-06-2023 00:00,Deploy Start â€“ Business Go-LiveÂ ,"Monday, August 07, 2023","Monday, August 07, 2023",76,In Progress,3,"Monday, August 07, 2023","Thursday, August 10, 2023",3,,2,0,1,0.052564293,0.965539038,,,,19.57%,19.85%
52,PRJ4194,2035 - EA - Tech Debt Management Optimization,12,01-06-2023 00:00,Deploy End,"Tuesday, August 08, 2023","Tuesday, August 08, 2023",0,Not Started,1,"Tuesday, August 08, 2023",Unknown,Unknown,,1,0,0,0.025925709,0.006854209,,,,19.57%,19.85%
53,PRJ4144,GTS - 2023 - CA – ServiceNet,3,01-06-2023 00:00,Discovery / Sprint 0,"Friday, March 24, 2023","Friday, March 24, 2023",100,Completed,4,"Friday, March 24, 2023","Friday, March 24, 2023",0,,4,0,0,0.003380228,0.006854209,,,,7.64%,8.05%
54,PRJ4145,GTS - 2023 - CA – ServiceNet,3,01-06-2023 00:00,Sprint 1,"Friday, April 14, 2023","Friday, April 14, 2023",100,Completed,4,"Friday, April 14, 2023","Saturday, April 22, 2023",8,Yes,4,0,0,0.003380228,0.006854209,,,,7.64%,8.05%
55,PRJ4146,GTS - 2023 - CA – ServiceNet,3,01-06-2023 00:00,Sprint 2,"Friday, May 05, 2023","Friday, May 05, 2023",70,In Progress,2,"Friday, May 05, 2023","Sunday, May 14, 2023",9,Yes,1,1,0,0.950330615,0.006854209,,,,7.64%,8.05%
56,PRJ4147,GTS - 2023 - CA – ServiceNet,3,01-06-2023 00:00,Sprint 3Â ,"Monday, May 08, 2023","Friday, May 26, 2023",67,In Progress,2,"Friday, May 26, 2023","Monday, June 05, 2023",10,Yes,1,1,0,0.950330615,0.006854209,,,,7.64%,8.05%
57,PRJ4148,GTS - 2023 - CA – ServiceNet,3,01-06-2023 00:00,Sprint 4,"Friday, June 16, 2023","Friday, June 16, 2023",0,Not Started,3,"Friday, June 16, 2023",Unknown,Unknown,,1,0,0,0.025925709,0.018847968,,,,7.64%,8.05%
58,PRJ4149,GTS - 2023 - CA – ServiceNet,3,01-06-2023 00:00,Sprint 5,"Friday, July 07, 2023","Friday, July 07, 2023",0,Not Started,3,"Friday, July 07, 2023",Unknown,Unknown,,1,1,0,0.118087456,0.018847968,12,1,0,7.64%,8.05%
59,PRJ4150,GTS - 2023 - CA – ServiceNet,3,01-06-2023 00:00,Sprint 6,"Friday, July 28, 2023","Friday, July 28, 2023",87,In Progress,3,"Friday, July 28, 2023","Monday, July 31, 2023",3,,2,0,1,0.01613686,0.965539038,,,,7.64%,8.05%
60,PRJ4151,GTS - 2023 - CA – ServiceNet,3,01-06-2023 00:00,UAT,"Friday, August 11, 2023","Friday, August 11, 2023",0,Not Started,3,"Friday, August 11, 2023",Unknown,Unknown,,1,0,0,0.025925709,0.018847968,,,,7.64%,8.05%
61,PRJ4152,GTS - 2023 - CA – ServiceNet,3,01-06-2023 00:00,Prod Deployment,"Sunday, August 20, 2023","Sunday, August 20, 2023",78,In Progress,3,"Sunday, August 20, 2023","Thursday, August 24, 2023",4,,2,0,1,0.013270609,0.965539038,,,,7.64%,8.05%
62,PRJ4153,GTS - 2023 - CA – ServiceNet,3,01-06-2023 00:00,Hypercare,"Friday, September 01, 2023","Friday, September 01, 2023",0,Not Started,3,"Friday, September 01, 2023",Unknown,Unknown,,1,0,0,0.025925709,0.018847968,,,,7.64%,8.05%
63,PRJ3923,Stanley Infrastructure Dealer Ecommerce,4,01-06-2023 00:00,Discovery,"Friday, December 30, 2022","Friday, December 30, 2022",99,In Progress,3,"Friday, December 30, 2022","Wednesday, January 04, 2023",5,,2,0,1,0.013270609,0.965539038,,,,15.86%,22.90%
64,PRJ3924,Stanley Infrastructure Dealer Ecommerce,4,01-06-2023 00:00,Sprint 1,"Friday, January 20, 2023","Friday, January 20, 2023",100,Completed,4,"Friday, January 20, 2023","Monday, January 30, 2023",10,Yes,4,0,0,0.003380228,0.006854209,,,,15.86%,22.90%
65,PRJ3925,Stanley Infrastructure Dealer Ecommerce,4,01-06-2023 00:00,Sprint 2,"Friday, February 10, 2023","Friday, February 10, 2023",100,Completed,4,"Friday, February 10, 2023","Saturday, February 18, 2023",8,Yes,4,0,0,0.003380228,0.006854209,,,,15.86%,22.90%
66,PRJ3926,Stanley Infrastructure Dealer Ecommerce,4,01-06-2023 00:00,Sprint 3,"Friday, March 03, 2023","Friday, March 03, 2023",100,Completed,4,"Friday, March 03, 2023","Wednesday, March 08, 2023",5,,4,0,0,0.003380228,0.006854209,,,,15.86%,22.90%
67,PRJ3927,Stanley Infrastructure Dealer Ecommerce,4,01-06-2023 00:00,Sprint 4,"Friday, March 24, 2023","Sunday, March 26, 2023",100,Completed,4,"Friday, March 24, 2023","Saturday, March 25, 2023",-1,,4,0,0,0.003380228,0.006854209,,,,15.86%,22.90%
68,PRJ3928,Stanley Infrastructure Dealer Ecommerce,4,01-06-2023 00:00,Sprint 5,"Friday, April 07, 2023","Friday, April 07, 2023",100,Completed,4,"Friday, April 07, 2023","Sunday, April 16, 2023",9,Yes,4,0,0,0.013798453,0.006854209,,,,15.86%,22.90%
69,PRJ3929,Stanley Infrastructure Dealer Ecommerce,4,01-06-2023 00:00,SIT,"Friday, April 28, 2023","Friday, April 28, 2023",100,Completed,4,"Friday, April 28, 2023","Saturday, May 06, 2023",8,Yes,4,0,0,0.003380228,0.006854209,8,5,0,15.86%,22.90%
70,PRJ3930,Stanley Infrastructure Dealer Ecommerce,4,01-06-2023 00:00,UAT,"Friday, May 26, 2023","Friday, May 26, 2023",55,In Progress,2,"Friday, May 26, 2023","Friday, June 02, 2023",7,Yes,1,1,0,0.950330615,0.006854209,,,,15.86%,22.90%
71,PRJ3931,Stanley Infrastructure Dealer Ecommerce,4,01-06-2023 00:00,Go Live,"Saturday, June 03, 2023","Saturday, June 03, 2023",70,In Progress,2,"Saturday, June 03, 2023","Sunday, June 11, 2023",8,Yes,1,1,0,0.950330615,0.006854209,,,,15.86%,22.90%
72,PRJ3932,Stanley Infrastructure Dealer Ecommerce,4,01-06-2023 00:00,Hypercare,"Friday, June 16, 2023","Friday, June 16, 2023",89,In Progress,3,"Friday, June 16, 2023","Wednesday, June 21, 2023",5,,2,0,1,0.013270609,0.965539038,,,,15.86%,22.90%
73,PRJ3380,Tax/Stat 2021 Greece E-Books,6,01-06-2023 00:00,BRD Approval,"Monday, January 11, 2021","Monday, January 11, 2021",100,Completed,4,"Monday, January 11, 2021","Wednesday, January 13, 2021",2,,4,0,0,0.003470646,0.006854209,,,,1.36%,26.83%
74,PRJ3381,Tax/Stat 2021 Greece E-Books,6,01-06-2023 00:00,Work Order Creation,"Tuesday, January 26, 2021","Tuesday, January 26, 2021",100,Completed,4,"Tuesday, January 26, 2021","Wednesday, January 27, 2021",1,,4,0,0,0.003470646,0.006854209,,,,1.36%,26.83%
75,PRJ3382,Tax/Stat 2021 Greece E-Books,6,01-06-2023 00:00,Work Order Approval,"Friday, February 19, 2021","Friday, February 19, 2021",100,Completed,4,"Friday, February 19, 2021","Saturday, February 27, 2021",8,Yes,4,0,0,0.003470646,0.006854209,,,,1.36%,26.83%
76,PRJ3383,Tax/Stat 2021 Greece E-Books,6,01-06-2023 00:00,Design Start,"Monday, February 22, 2021","Monday, February 22, 2021",100,Completed,4,"Monday, February 22, 2021","Monday, March 01, 2021",7,Yes,4,0,0,0.003470646,0.006854209,,,,1.36%,26.83%
77,PRJ3384,Tax/Stat 2021 Greece E-Books,6,01-06-2023 00:00,Design Complete,"Friday, March 12, 2021","Friday, May 14, 2021",100,Completed,4,"Friday, May 14, 2021","Monday, May 24, 2021",10,Yes,4,0,0,0.003470646,0.006854209,,,,1.36%,26.83%
78,PRJ3385,Tax/Stat 2021 Greece E-Books,6,01-06-2023 00:00,Build Start,"Monday, March 01, 2021","Friday, March 05, 2021",100,Completed,4,"Monday, March 01, 2021","Tuesday, March 02, 2021",-3,,4,0,0,0.003470646,0.006854209,,,,1.36%,26.83%
79,PRJ3386,Tax/Stat 2021 Greece E-Books,6,01-06-2023 00:00,Build Complete,"Friday, June 04, 2021","Friday, July 09, 2021",92,Completed,3,"Friday, July 09, 2021","Monday, July 12, 2021",3,,2,0,1,0.004229326,0.965539038,5,3,3,1.36%,26.83%
80,PRJ3387,Tax/Stat 2021 Greece E-Books,6,01-06-2023 00:00,SIT Start,"Monday, June 07, 2021","Monday, June 21, 2021",100,Completed,4,"Monday, June 21, 2021","Monday, June 28, 2021",7,Yes,4,0,0,0.003470646,0.006854209,,,,1.80%,9.72%
81,PRJ3388,Tax/Stat 2021 Greece E-Books,6,01-06-2023 00:00,SIT Complete,"Friday, August 27, 2021","Friday, August 27, 2021",100,Completed,4,"Friday, August 27, 2021","Wednesday, September 01, 2021",5,,4,0,0,0.003470646,0.006854209,,,,1.80%,9.72%
82,PRJ3389,Tax/Stat 2021 Greece E-Books,6,01-06-2023 00:00,UAT Start,"Monday, July 12, 2021","Monday, July 12, 2021",100,Completed,4,"Monday, July 12, 2021","Wednesday, July 21, 2021",9,Yes,4,0,0,0.004229326,0.006854209,,,,1.80%,9.72%
83,PRJ3390,Tax/Stat 2021 Greece E-Books,6,01-06-2023 00:00,UAT Complete,"Friday, September 17, 2021","Friday, September 17, 2021",100,Completed,4,"Friday, September 17, 2021","Tuesday, September 21, 2021",4,,4,0,0,0.003470646,0.006854209,,,,1.80%,9.72%
84,PRJ3391,Tax/Stat 2021 Greece E-Books,6,01-06-2023 00:00,Deploy Start,"Sunday, September 19, 2021","Sunday, September 19, 2021",100,Completed,4,"Sunday, September 19, 2021","Saturday, September 25, 2021",6,Yes,4,0,0,0.003470646,0.006854209,,,,1.80%,9.72%
85,PRJ3392,Tax/Stat 2021 Greece E-Books,6,01-06-2023 00:00,Deploy Complete,"Friday, March 31, 2023","Monday, July 31, 2023",63,In Progress,2,"Monday, July 31, 2023","Wednesday, August 09, 2023",9,Yes,1,1,0,0.950330615,0.006854209,,,,1.80%,9.72%
86,PRJ4116,Tax/Stat - FOB Sales Modification Program - Phase3 - BF,7,01-06-2023 00:00,Design Entry,"Monday, March 06, 2023","Monday, March 06, 2023",90,In Progress,3,"Monday, March 06, 2023","Saturday, March 11, 2023",5,,2,0,1,0.013270609,0.965539038,,,,1.80%,9.72%
87,PRJ4117,Tax/Stat - FOB Sales Modification Program - Phase3 - BF,7,01-06-2023 00:00,Design Exit,"Friday, April 07, 2023","Friday, April 07, 2023",100,Completed,4,"Friday, April 07, 2023","Saturday, April 15, 2023",8,Yes,4,0,0,0.013798453,0.006854209,,,,1.80%,9.72%
88,PRJ4118,Tax/Stat - FOB Sales Modification Program - Phase3 - BF,7,01-06-2023 00:00,Build Entry,"Monday, March 20, 2023","Monday, March 20, 2023",100,Completed,4,"Monday, March 20, 2023","Thursday, March 30, 2023",10,Yes,4,0,0,0.003380228,0.006854209,,,,1.80%,9.72%
89,PRJ4119,Tax/Stat - FOB Sales Modification Program - Phase3 - BF,7,01-06-2023 00:00,Build Exit,"Friday, April 14, 2023","Friday, April 14, 2023",100,Completed,4,"Friday, April 14, 2023","Saturday, April 15, 2023",1,,4,0,0,0.003380228,0.006854209,7,2,2,1.80%,9.72%
90,PRJ4120,Tax/Stat - FOB Sales Modification Program - Phase3 - BF,7,01-06-2023 00:00,SIT Entry,"Monday, April 10, 2023","Monday, April 10, 2023",100,Completed,4,"Monday, April 10, 2023","Tuesday, April 18, 2023",8,Yes,4,0,0,0.003380228,0.006854209,,,,1.80%,9.72%
91,PRJ4121,Tax/Stat - FOB Sales Modification Program - Phase3 - BF,7,01-06-2023 00:00,SIT Exit,"Friday, May 05, 2023","Friday, June 02, 2023",70,In Progress,2,"Friday, June 02, 2023","Sunday, June 11, 2023",9,Yes,1,1,0,0.950330615,0.006854209,,,,1.80%,9.72%
92,PRJ4122,Tax/Stat - FOB Sales Modification Program - Phase3 - BF,7,01-06-2023 00:00,UAT Entry,"Monday, May 01, 2023","Monday, June 05, 2023",60,In Progress,3,"Monday, June 05, 2023","Wednesday, June 14, 2023",9,Yes,1,0,0,0.095113352,0.018847968,,,,1.80%,9.72%
93,PRJ4123,Tax/Stat - FOB Sales Modification Program - Phase3 - BF,7,01-06-2023 00:00,UAT Exit,"Friday, June 09, 2023","Friday, July 07, 2023",40,In Progress,2,"Friday, July 07, 2023","Monday, July 17, 2023",10,Yes,1,1,0,0.950330615,0.006854209,,,,1.80%,9.72%
94,PRJ4124,Tax/Stat - FOB Sales Modification Program - Phase3 - BF,7,01-06-2023 00:00,Deploy Entry,"Monday, June 12, 2023","Monday, July 10, 2023",91,Completed,3,"Monday, July 10, 2023","Sunday, July 16, 2023",6,Yes,2,0,1,0.004119224,0.965539038,,,,1.80%,9.72%
95,PRJ4125,Tax/Stat - FOB Sales Modification Program - Phase3 - BF,7,01-06-2023 00:00,Deploy Exit,"Friday, June 16, 2023","Saturday, July 15, 2023",100,Completed,4,"Saturday, July 15, 2023","Wednesday, July 19, 2023",4,,4,0,0,0.004119224,0.006854209,,,,1.80%,9.72%
96,PRJ4126,Tax/Stat - FOB Sales Modification Program - Phase3 - BF,7,01-06-2023 00:00,Business Go Live,"Friday, June 17, 2022","Sunday, July 17, 2022",100,Completed,4,"Sunday, July 17, 2022","Sunday, July 24, 2022",7,Yes,4,0,0,0.004229326,0.006854209,,,,1.80%,9.72%
97,PRJ4127,Tax/Stat - FOB Sales Modification Program - Phase3 - BF,7,01-06-2023 00:00,Hypercare Entry,"Saturday, June 17, 2023","Monday, July 17, 2023",100,Completed,4,"Monday, July 17, 2023","Tuesday, July 25, 2023",8,Yes,4,0,0,0.004119224,0.006854209,,,,1.80%,9.72%
98,PRJ4128,Tax/Stat - FOB Sales Modification Program - Phase3 - BF,7,01-06-2023 00:00,Hypercare Exit,"Friday, July 21, 2023","Friday, August 18, 2023",81,In Progress,3,"Friday, August 18, 2023","Tuesday, August 22, 2023",4,,2,0,1,0.013270609,0.965539038,,,,1.35%,15.43%
99,PRJ3895,Tax/Stat - SAFT Romania,8,01-06-2023 00:00,Design Phase Start,"Monday, July 18, 2022","Monday, July 18, 2022",100,Completed,4,"Monday, July 18, 2022","Thursday, July 21, 2022",3,,4,0,0,0.004229326,0.006854209,,,,1.35%,15.43%
100,PRJ3896,Tax/Stat - SAFT Romania,8,01-06-2023 00:00,Design Phase EndÂ ,"Tuesday, August 23, 2022","Tuesday, August 23, 2022",100,Completed,4,"Tuesday, August 23, 2022","Thursday, September 01, 2022",9,Yes,4,0,0,0.003470646,0.006854209,,,,1.35%,15.43%
101,PRJ3897,Tax/Stat - SAFT Romania,8,01-06-2023 00:00,Build Phase Start,"Wednesday, August 24, 2022","Wednesday, August 24, 2022",82,In Progress,3,"Wednesday, August 24, 2022","Tuesday, August 30, 2022",6,Yes,2,0,1,0.01362197,0.965539038,6,2,5,1.35%,15.43%
102,PRJ3898,Tax/Stat - SAFT Romania,8,01-06-2023 00:00,Build Phase EndÂ ,"Friday, December 16, 2022","Wednesday, February 15, 2023",100,Completed,4,"Wednesday, February 15, 2023","Thursday, February 23, 2023",8,Yes,4,0,0,0.003380228,0.006854209,,,,1.35%,15.43%
103,PRJ3899,Tax/Stat - SAFT Romania,8,01-06-2023 00:00,SIT Start,"Monday, December 19, 2022","Thursday, February 16, 2023",88,In Progress,3,"Thursday, February 16, 2023","Wednesday, February 22, 2023",6,Yes,2,0,1,0.013270609,0.965539038,,,,1.35%,15.43%
104,PRJ3900,Tax/Stat - SAFT Romania,8,01-06-2023 00:00,SIT End,"Friday, January 06, 2023","Friday, April 28, 2023",100,Completed,4,"Friday, April 28, 2023","Friday, May 05, 2023",7,Yes,4,0,0,0.003380228,0.006854209,,,,1.35%,15.43%
105,PRJ3901,Tax/Stat - SAFT Romania,8,01-06-2023 00:00,UAT Start,"Monday, January 02, 2023","Monday, April 17, 2023",100,Completed,4,"Sunday, March 12, 2023","Wednesday, April 12, 2023",-5,,4,0,0,0.003380228,0.006854209,,,,1.35%,15.43%
106,PRJ3902,Tax/Stat - SAFT Romania,8,01-06-2023 00:00,UAT End,"Monday, May 15, 2023","Monday, July 10, 2023",90,In Progress,3,"Monday, July 10, 2023","Sunday, July 16, 2023",6,Yes,2,0,1,0.01613686,0.965539038,,,,1.35%,15.43%
107,PRJ3903,Tax/Stat - SAFT Romania,8,01-06-2023 00:00,Business Go-Live,"Monday, May 22, 2023","Monday, July 17, 2023",0,Not Started,1,"Monday, July 17, 2023",Unknown,Unknown,,1,0,0,0.031438194,0.006854209,,,,1.35%,15.43%
108,PRJ3904,Tax/Stat - SAFT Romania,8,01-06-2023 00:00,Hypercare Start,"Monday, May 22, 2023","Monday, July 17, 2023",0,Not Started,1,"Monday, July 17, 2023",Unknown,Unknown,,1,0,0,0.031438194,0.006854209,,,,1.35%,15.43%
109,PRJ3905,Tax/Stat - SAFT Romania,8,01-06-2023 00:00,Hypercare End,"Tuesday, June 13, 2023","Friday, August 11, 2023",0,Not Started,1,"Friday, August 11, 2023",Unknown,Unknown,,1,0,0,0.025925709,0.006854209,,,,1.35%,15.43%
110,PRJ3699,GTS NA Distribution Hagerstown DC,10,01-06-2023 00:00,Design Exit,"Friday, March 25, 2022","Friday, March 25, 2022",100,Completed,4,"Friday, March 25, 2022","Tuesday, April 05, 2022",11,Yes,4,0,0,0.003470646,0.006854209,,,,9.96%,32.64%
111,PRJ3700,GTS NA Distribution Hagerstown DC,10,01-06-2023 00:00,Build Exit,"Friday, May 06, 2022","Friday, May 06, 2022",100,Completed,4,"Friday, May 06, 2022","Saturday, May 14, 2022",8,Yes,4,0,0,0.003470646,0.006854209,,,,9.96%,32.64%
112,PRJ3701,GTS NA Distribution Hagerstown DC,10,01-06-2023 00:00,Stabilize Phase 1 â€“ C11Â  Entry & Exit,"Monday, May 09, 2022","Thursday, August 18, 2022",100,Completed,4,"Thursday, August 18, 2022","Sunday, August 28, 2022",10,Yes,4,0,0,0.003470646,0.006854209,,,,9.96%,32.64%
113,PRJ3702,GTS NA Distribution Hagerstown DC,10,01-06-2023 00:00,Stabilize Phase 1- E03 Entry & Exit,"Monday, May 09, 2022","Friday, September 16, 2022",100,Completed,4,"Friday, September 16, 2022","Friday, September 16, 2022",0,,4,0,0,0.003470646,0.006854209,3,5,5,9.96%,32.64%
114,PRJ3703,GTS NA Distribution Hagerstown DC,10,01-06-2023 00:00,Deploy Phase 1 - Entry & Exit,"Saturday, August 20, 2022","Friday, September 16, 2022",100,Completed,4,"Friday, September 16, 2022","Friday, September 16, 2022",0,,4,0,0,0.003470646,0.006854209,,,,9.96%,32.64%
115,PRJ3704,GTS NA Distribution Hagerstown DC,10,01-06-2023 00:00,Business Go Live -Phase 1,"Monday, July 10, 2023","Monday, July 10, 2023",80,In Progress,3,"Monday, July 10, 2023","Friday, July 14, 2023",4,,2,0,1,0.01613686,0.965539038,,,,9.96%,32.64%
116,PRJ3705,GTS NA Distribution Hagerstown DC,10,01-06-2023 00:00,Hypercare Entry & Exit Phase 1,"Tuesday, August 23, 2022","Friday, September 30, 2022",100,Completed,4,"Friday, September 30, 2022","Monday, October 03, 2022",3,,4,0,0,0.003470646,0.006854209,,,,9.96%,32.64%
117,PRJ3706,GTS NA Distribution Hagerstown DC,10,01-06-2023 00:00,Stabilize Phase 2-Inbound Entry & Exit,"Monday, March 06, 2023","Sunday, April 16, 2023",100,Completed,4,"Sunday, April 16, 2023","Sunday, April 16, 2023",0,,4,0,0,0.003380228,0.006854209,,,,9.96%,32.64%
118,PRJ3707,GTS NA Distribution Hagerstown DC,10,01-06-2023 00:00,Stabilize Phase 2-Outbound Entry & Exit,"Monday, May 15, 2023","Sunday, June 18, 2023",80,In Progress,3,"Sunday, June 18, 2023","Tuesday, June 27, 2023",9,Yes,1,0,0,0.095113352,0.018847968,,,,9.96%,32.64%
119,PRJ3708,GTS NA Distribution Hagerstown DC,10,01-06-2023 00:00,Deploy Phase 2Â Entry & Exit,"Monday, July 10, 2023","Sunday, July 16, 2023",0,Not Started,3,"Sunday, July 16, 2023",Unknown,Unknown,,1,0,0,0.031438194,0.018847968,,,,9.96%,32.64%
120,PRJ3709,GTS NA Distribution Hagerstown DC,10,01-06-2023 00:00,Hypercare Entry and Exit -Phase 2,"Monday, July 17, 2023","Saturday, July 29, 2023",0,Not Started,3,"Saturday, July 29, 2023",Unknown,Unknown,,1,0,0,0.031438194,0.018847968,,,,9.96%,32.64%
121,PRJ4174 ,CORP - 2023 - BUC - Pricefx - North America Implementation,19,01-06-2023 00:00,Select Phase Start,"Wednesday, March 01, 2023","Wednesday, March 01, 2023",91,In Progress,3,"Wednesday, March 01, 2023","Saturday, March 04, 2023",3,,2,0,1,0.013270609,0.965539038,,,,11.89%,22.38%
122,PRJ4175,CORP - 2023 - BUC - Pricefx - North America Implementation,19,01-06-2023 00:00,Select Phase EndÂ ,"Monday, March 06, 2023","Monday, March 06, 2023",100,Completed,4,"Monday, March 06, 2023","Monday, March 06, 2023",0,,4,0,0,0.003380228,0.006854209,,,,11.89%,22.38%
123,PRJ4176,CORP - 2023 - BUC - Pricefx - North America Implementation,19,01-06-2023 00:00,Plan Phase StartÂ ,"Monday, March 06, 2023","Monday, March 06, 2023",100,Completed,4,"Monday, March 06, 2023","Monday, March 06, 2023",0,,4,0,0,0.003380228,0.006854209,,,,11.89%,22.38%
124,PRJ4177,CORP - 2023 - BUC - Pricefx - North America Implementation,19,01-06-2023 00:00,Plan Phase EndÂ ,"Monday, March 06, 2023","Monday, March 06, 2023",100,Completed,4,"Monday, March 06, 2023","Monday, March 06, 2023",0,,4,0,0,0.003380228,0.006854209,3,3,3,11.89%,22.38%
125,PRJ4178,CORP - 2023 - BUC - Pricefx - North America Implementation,19,01-06-2023 00:00,Design Phase Start,"Monday, March 06, 2023","Monday, March 06, 2023",100,Completed,4,"Monday, March 06, 2023","Wednesday, March 08, 2023",2,,4,0,0,0.003380228,0.006854209,,,,11.89%,22.38%
126,PRJ4179,CORP - 2023 - BUC - Pricefx - North America Implementation,19,01-06-2023 00:00,Design Phase EndÂ ,"Monday, March 06, 2023","Monday, March 06, 2023",82,In Progress,3,"Wednesday, March 08, 2023","Sunday, March 12, 2023",6,Yes,2,0,1,0.013270609,0.965539038,,,,11.89%,22.38%
127,PRJ4180,CORP - 2023 - BUC - Pricefx - North America Implementation,19,01-06-2023 00:00,Build Phase Start,"Monday, March 06, 2023","Monday, March 06, 2023",100,Completed,4,"Monday, March 06, 2023","Sunday, March 12, 2023",6,Yes,4,0,0,0.003380228,0.006854209,,,,11.89%,22.38%
128,PRJ4181,CORP - 2023 - BUC - Pricefx - North America Implementation,19,01-06-2023 00:00,Build Phase EndÂ ,"Monday, May 15, 2023","Thursday, May 18, 2023",100,Completed,4,"Monday, May 15, 2023","Tuesday, May 16, 2023",-2,,4,0,0,0.003380228,0.006854209,,,,11.89%,22.38%
129,PRJ4182,CORP - 2023 - BUC - Pricefx - North America Implementation,19,01-06-2023 00:00,Stabilize Start,"Monday, March 06, 2023","Monday, March 06, 2023",85,In Progress,3,"Monday, March 06, 2023","Friday, March 10, 2023",4,,2,0,1,0.013270609,0.965539038,,,,11.89%,22.38%
130,PRJ4183,CORP - 2023 - BUC - Pricefx - North America Implementation,19,01-06-2023 00:00,Stabilize End,"Monday, May 15, 2023","Friday, October 06, 2023",36,In Progress,2,"Friday, October 06, 2023","Saturday, October 14, 2023",8,Yes,1,1,0,0.950330615,0.006854209,,,,11.89%,22.38%
131,PRJ4184,CORP - 2023 - BUC - Pricefx - North America Implementation,19,01-06-2023 00:00,Deploy StartÂ ,"Tuesday, May 16, 2023","Monday, October 09, 2023",0,Not Started,3,"Monday, October 09, 2023",Unknown,Unknown,,1,0,0,0.025925709,0.018847968,,,,11.89%,22.38%
132,PRJ4185,CORP - 2023 - BUC - Pricefx - North America Implementation,19,01-06-2023 00:00,Deploy Start â€“ Technical Go-LiveÂ ,"Monday, May 22, 2023","Friday, October 13, 2023",0,Not Started,3,"Friday, October 13, 2023",Unknown,Unknown,,1,0,0,0.025925709,0.018847968,,,,11.89%,22.38%
133,PRJ4186,CORP - 2023 - BUC - Pricefx - North America Implementation,19,01-06-2023 00:00,Deploy End,"Wednesday, May 31, 2023","Friday, November 10, 2023",0,Not Started,3,"Friday, November 10, 2023",Unknown,Unknown,,1,0,0,0.025925709,0.018847968,,,,11.89%,22.38%
134,PRJ4059,GTS-EANZ-SERVICE-ORT Automation,13,01-06-2023 00:00,Design Phase Start,"Monday, March 06, 2023","Monday, March 06, 2023",87,In Progress,3,"Monday, March 06, 2023","Sunday, March 12, 2023",6,Yes,2,0,1,0.013270609,0.965539038,,,,0.58%,12.66%
135,PRJ4060,GTS-EANZ-SERVICE-ORT Automation,13,01-06-2023 00:00,Design Phase EndÂ ,"Friday, March 31, 2023","Wednesday, April 19, 2023",100,Completed,4,"Wednesday, April 19, 2023","Monday, April 24, 2023",5,,4,0,0,0.003380228,0.006854209,,,,0.58%,12.66%
136,PRJ4061,GTS-EANZ-SERVICE-ORT Automation,13,01-06-2023 00:00,Build Phase Start,"Monday, April 03, 2023","Monday, April 03, 2023",100,Completed,4,"Monday, April 03, 2023","Wednesday, April 12, 2023",9,Yes,4,0,0,0.003380228,0.006854209,,,,0.58%,12.66%
137,PRJ4062,GTS-EANZ-SERVICE-ORT Automation,13,01-06-2023 00:00,Build Phase EndÂ ,"Friday, May 05, 2023","Friday, May 05, 2023",100,Completed,4,"Friday, May 05, 2023","Thursday, May 11, 2023",6,Yes,4,0,0,0.003380228,0.006854209,,,,0.58%,12.66%
138,PRJ4063,GTS-EANZ-SERVICE-ORT Automation,13,01-06-2023 00:00,Stabilize Start,"Monday, May 08, 2023","Monday, May 08, 2023",89,In Progress,3,"Monday, May 08, 2023","Friday, May 12, 2023",4,,2,0,1,0.013270609,0.965539038,6,2,0,0.58%,12.66%
139,PRJ4064,GTS-EANZ-SERVICE-ORT Automation,13,01-06-2023 00:00,Stabilize End,"Friday, June 09, 2023","Friday, June 09, 2023",50,In Progress,2,"Friday, June 09, 2023","Sunday, June 18, 2023",9,Yes,1,1,0,0.950330615,0.006854209,,,,0.58%,12.66%
140,PRJ4065,GTS-EANZ-SERVICE-ORT Automation,13,01-06-2023 00:00,Deploy StartÂ ,"Monday, June 12, 2023","Monday, June 12, 2023",0,Not Started,3,"Monday, June 12, 2023",Unknown,Unknown,,1,0,0,0.025925709,0.018847968,,,,0.58%,12.66%
141,PRJ4066,GTS-EANZ-SERVICE-ORT Automation,13,01-06-2023 00:00,Deploy Start â€“ Business Go-LiveÂ ,"Sunday, June 18, 2023","Sunday, June 18, 2023",0,Not Started,3,"Sunday, June 18, 2023",Unknown,Unknown,,1,0,0,0.025925709,0.018847968,,,,0.58%,12.66%
142,PRJ4067,GTS-EANZ-SERVICE-ORT Automation,13,01-06-2023 00:00,Deploy End,"Friday, July 14, 2023","Friday, July 14, 2023",0,Not Started,3,"Friday, July 14, 2023",Unknown,Unknown,,1,0,0,0.031438194,0.018847968,,,,0.58%,12.66%
143,PRJ3820,EE-2021 Shared Services BPO - BF,14,01-06-2023 00:00,Design Start,"Monday, April 17, 2023","Monday, April 17, 2023",100,Completed,4,"Monday, April 17, 2023","Monday, April 17, 2023",0,,4,0,0,0.003380228,0.006854209,,,,8.49%,16.76%
144,PRJ3821,EE-2021 Shared Services BPO - BF,14,01-06-2023 00:00,Design End,"Friday, April 21, 2023","Monday, April 24, 2023",92,In Progress,3,"Monday, April 24, 2023","Sunday, April 30, 2023",6,Yes,2,0,1,0.013270609,0.965539038,,,,8.49%,16.76%
145,PRJ3822,EE-2021 Shared Services BPO - BF,14,01-06-2023 00:00,Build Start,"Monday, April 24, 2023","Monday, April 24, 2023",100,Completed,4,"Monday, April 24, 2023","Wednesday, April 26, 2023",2,,4,0,0,0.003380228,0.006854209,,,,8.49%,16.76%
146,PRJ3823,EE-2021 Shared Services BPO - BF,14,01-06-2023 00:00,Build End,"Friday, May 05, 2023","Friday, May 05, 2023",100,Completed,4,"Friday, May 05, 2023","Friday, May 05, 2023",0,,4,0,0,0.003380228,0.006854209,,,,8.49%,16.76%
147,PRJ3824,EE-2021 Shared Services BPO - BF,14,01-06-2023 00:00,Stabilize Start,"Monday, May 08, 2023","Monday, May 08, 2023",100,Completed,4,"Monday, May 08, 2023","Tuesday, May 16, 2023",8,Yes,4,0,0,0.003380228,0.006854209,8,4,0,8.49%,16.76%
148,PRJ3825,EE-2021 Shared Services BPO - BF,14,01-06-2023 00:00,Stabilize End,"Friday, May 12, 2023","Friday, May 12, 2023",54,In Progress,4,"Friday, May 12, 2023","Sunday, May 21, 2023",9,Yes,4,0,0,0.013270609,0.006854209,,,,8.49%,16.76%
149,PRJ3826,EE-2021 Shared Services BPO - BF,14,01-06-2023 00:00,Deploy Start,"Monday, May 15, 2023","Monday, May 22, 2023",100,Completed,4,"Monday, May 22, 2023","Sunday, May 28, 2023",6,Yes,4,0,0,0.003380228,0.006854209,,,,8.49%,16.76%
150,PRJ3827,EE-2021 Shared Services BPO - BF,14,01-06-2023 00:00,Deploy End/ Hypercare Support End,"Wednesday, May 31, 2023","Wednesday, May 31, 2023",100,Completed,4,"Wednesday, May 31, 2023","Sunday, June 04, 2023",4,,4,0,0,0.003380228,0.006854209,,,,8.49%,16.76%
151,PRJ3754,KOFAX Upgrade,15,01-06-2023 00:00,Design Phase Start,"Tuesday, March 01, 2022","Tuesday, March 01, 2022",90,In Progress,3,"Tuesday, March 01, 2022","Sunday, March 06, 2022",5,,2,0,1,0.01362197,0.965539038,,,,15.21%,22.80%
152,PRJ3755,KOFAX Upgrade,15,01-06-2023 00:00,Design Phase End,"Friday, July 08, 2022","Friday, July 08, 2022",100,Completed,4,"Friday, July 08, 2022","Friday, July 15, 2022",7,Yes,4,0,0,0.004229326,0.006854209,,,,15.21%,22.80%
153,PRJ3756,KOFAX Upgrade,15,01-06-2023 00:00,Build Phase Start,"Wednesday, June 29, 2022","Wednesday, June 29, 2022",42,In Progress,2,"Wednesday, June 29, 2022","Friday, July 08, 2022",9,Yes,1,1,0,0.9515661,0.006854209,,,,15.21%,22.80%
154,PRJ3757,KOFAX Upgrade,15,01-06-2023 00:00,Build Phase End,"Tuesday, October 04, 2022","Monday, October 10, 2022",100,Completed,4,"Tuesday, October 04, 2022","Thursday, October 06, 2022",-4,,4,0,0,0.003470646,0.006854209,,,,15.21%,22.80%
155,PRJ3758,KOFAX Upgrade,15,01-06-2023 00:00,Systems Integration Testing (SIT) Start,"Wednesday, October 05, 2022","Wednesday, October 05, 2022",100,Completed,4,"Wednesday, October 05, 2022","Wednesday, October 05, 2022",0,,4,0,0,0.003470646,0.006854209,7,6,0,15.21%,22.80%
156,PRJ3759,KOFAX Upgrade,15,01-06-2023 00:00,Systems Integration Testing (SIT) End,"Tuesday, October 18, 2022","Tuesday, October 18, 2022",100,Completed,4,"Tuesday, October 18, 2022","Saturday, October 22, 2022",4,,4,0,0,0.003470646,0.006854209,,,,15.21%,22.80%
157,PRJ3760,KOFAX Upgrade,15,01-06-2023 00:00,User Acceptance Testing (UAT) Start,"Wednesday, October 19, 2022","Wednesday, October 19, 2022",100,Completed,4,"Wednesday, October 19, 2022","Saturday, October 29, 2022",10,Yes,4,0,0,0.003470646,0.006854209,,,,15.21%,22.80%
158,PRJ3761,KOFAX Upgrade,15,01-06-2023 00:00,User Acceptance Testing (UAT) End,"Friday, February 10, 2023","Friday, May 12, 2023",100,Completed,4,"Friday, May 12, 2023","Saturday, May 13, 2023",1,,4,0,0,0.003380228,0.006854209,,,,15.21%,22.80%
159,PRJ3762,KOFAX Upgrade,15,01-06-2023 00:00,Go Live,"Monday, February 20, 2023","Monday, May 22, 2023",77,In Progress,3,"Monday, May 22, 2023","Saturday, May 27, 2023",5,,2,0,1,0.013270609,0.965539038,,,,15.21%,22.80%
160,PRJ3763,KOFAX Upgrade,15,01-06-2023 00:00,Hypercare Start,"Monday, February 20, 2023","Monday, May 22, 2023",100,Completed,4,"Monday, May 22, 2023","Monday, May 29, 2023",7,Yes,4,0,0,0.003380228,0.006854209,,,,15.21%,22.80%
161,PRJ3764,KOFAX Upgrade,15,01-06-2023 00:00,Decommissioning Start,"Friday, March 10, 2023","Monday, June 05, 2023",100,Completed,4,"Monday, June 05, 2023","Tuesday, June 13, 2023",8,Yes,4,0,0,0.003380228,0.006854209,,,,15.21%,22.80%
162,PRJ3765,KOFAX Upgrade,15,01-06-2023 00:00,Decommission End & Project End,"Friday, March 17, 2023","Friday, June 09, 2023",75,In Progress,3,"Friday, June 09, 2023","Saturday, June 10, 2023",1,,3,0,0,0.013270609,0.018847968,,,,15.21%,22.80%
163,PRJ4000,Tax/Stat - Colorado Delivery Fee,17,01-06-2023 00:00,Design Entry,"Monday, December 19, 2022","Monday, December 19, 2022",100,Completed,4,"Monday, December 19, 2022","Saturday, December 24, 2022",5,,4,0,0,0.003470646,0.006854209,,,,8.37%,23.08%
164,PRJ4001,Tax/Stat - Colorado Delivery Fee,17,01-06-2023 00:00,Design Exit,"Friday, January 13, 2023","Friday, February 17, 2023",100,Completed,4,"Friday, February 17, 2023","Sunday, February 19, 2023",2,,4,0,0,0.003380228,0.006854209,,,,8.37%,23.08%
165,PRJ4002,Tax/Stat - Colorado Delivery Fee,17,01-06-2023 00:00,Build Entry,"Monday, January 16, 2023","Monday, February 20, 2023",100,Completed,4,"Monday, February 20, 2023","Tuesday, February 28, 2023",8,Yes,4,0,0,0.003380228,0.006854209,,,,8.37%,23.08%
166,PRJ4003,Tax/Stat - Colorado Delivery Fee,17,01-06-2023 00:00,Build Exit,"Friday, February 10, 2023","Friday, March 17, 2023",81,In Progress,3,"Friday, March 17, 2023","Thursday, March 23, 2023",6,Yes,2,0,1,0.013270609,0.965539038,6,4,3,8.37%,23.08%
167,PRJ4004,Tax/Stat - Colorado Delivery Fee,17,01-06-2023 00:00,SIT Entry,"Monday, February 13, 2023","Monday, March 20, 2023",100,Completed,4,"Monday, March 20, 2023","Monday, March 20, 2023",0,,4,0,0,0.003380228,0.006854209,,,,8.37%,23.08%
168,PRJ4005,Tax/Stat - Colorado Delivery Fee,17,01-06-2023 00:00,SIT Exit,"Friday, March 10, 2023","Friday, April 07, 2023",100,Completed,4,"Friday, April 07, 2023","Friday, April 14, 2023",7,Yes,4,0,0,0.013798453,0.006854209,,,,8.37%,23.08%
169,PRJ4006,Tax/Stat - Colorado Delivery Fee,17,01-06-2023 00:00,UAT Entry,"Monday, March 13, 2023","Monday, April 10, 2023",65,In Progress,2,"Monday, April 10, 2023","Tuesday, April 18, 2023",8,Yes,1,1,0,0.950330615,0.006854209,,,,8.37%,23.08%
170,PRJ4007,Tax/Stat - Colorado Delivery Fee,17,01-06-2023 00:00,UAT Exit,"Friday, March 31, 2023","Friday, May 12, 2023",40,On Hold,5,"Friday, May 12, 2023","Saturday, May 13, 2023",1,,3,0,0,0.003380228,0.006854209,,,,8.37%,23.08%
171,PRJ4008,Tax/Stat - Colorado Delivery Fee,17,01-06-2023 00:00,Deploy Entry,"Monday, April 03, 2023","Monday, May 15, 2023",89,In Progress,3,"Monday, May 15, 2023","Saturday, May 20, 2023",5,,2,0,1,0.013270609,0.965539038,,,,8.37%,23.08%
172,PRJ4009,Tax/Stat - Colorado Delivery Fee,17,01-06-2023 00:00,Deploy Exit,"Friday, April 07, 2023","Friday, May 19, 2023",100,Completed,4,"Friday, May 19, 2023","Thursday, May 25, 2023",6,Yes,4,0,0,0.003380228,0.006854209,,,,8.37%,23.08%
173,PRJ4010,Tax/Stat - Colorado Delivery Fee,17,01-06-2023 00:00,Business Go Live,"Sunday, April 10, 2022","Monday, May 22, 2023",100,Completed,4,"Monday, May 22, 2023","Tuesday, May 30, 2023",8,Yes,4,0,0,0.003380228,0.006854209,,,,8.37%,23.08%
174,PRJ4011,Tax/Stat - Colorado Delivery Fee,17,01-06-2023 00:00,Hypercare Entry,"Monday, April 10, 2023","Monday, May 22, 2023",82,In Progress,3,"Monday, May 22, 2023","Sunday, May 28, 2023",6,Yes,2,0,1,0.013270609,0.965539038,,,,8.37%,23.08%
175,PRJ4012,Tax/Stat - Colorado Delivery Fee,17,01-06-2023 00:00,Hypercare Exit,"Friday, May 05, 2023","Friday, June 02, 2023",56,In Progress,2,"Friday, June 02, 2023","Friday, June 09, 2023",7,Yes,1,1,0,0.950330615,0.006854209,,,,8.37%,23.08%
